<?xml version="1.0" encoding="UTF-8"?>
<project-private xmlns="http://www.netbeans.org/ns/project-private/1">
    <editor-bookmarks xmlns="http://www.netbeans.org/ns/editor-bookmarks/2" lastBookmarkId="0"/>
    <open-files xmlns="http://www.netbeans.org/ns/projectui-open-files/2">
        <group>
            <file>file:/C:/Users/pauldelgado/Desktop/dlsufiles/OVPEA-INTROSE/OVPEA-INTROSE/OVPEADLSU/src/java/controller/login.java</file>
            <file>file:/C:/Users/pauldelgado/Desktop/dlsufiles/OVPEA-INTROSE/OVPEA-INTROSE/OVPEADLSU/web/view_opportunities.jsp</file>
            <file>file:/C:/Users/pauldelgado/Desktop/dlsufiles/OVPEA-INTROSE/OVPEA-INTROSE/OVPEADLSU/web/index.jsp</file>
            <file>file:/C:/Users/pauldelgado/Desktop/dlsufiles/OVPEA-INTROSE/OVPEA-INTROSE/OVPEADLSU/web/student_view.jsp</file>
            <file>file:/C:/Users/pauldelgado/Desktop/dlsufiles/OVPEA-INTROSE/OVPEA-INTROSE/OVPEADLSU/web/edit_status.jsp</file>
        </group>
    </open-files>
</project-private>
