<?xml version="1.0" encoding="UTF-8"?>
<project-private xmlns="http://www.netbeans.org/ns/project-private/1">
    <editor-bookmarks xmlns="http://www.netbeans.org/ns/editor-bookmarks/2" lastBookmarkId="0"/>
    <open-files xmlns="http://www.netbeans.org/ns/projectui-open-files/2">
        <group>
            <file>file:/C:/Users/pauldelgado/Desktop/dlsufiles/OVPEADLSU/src/java/controller/editUsername.java</file>
            <file>file:/C:/Users/pauldelgado/Desktop/dlsufiles/OVPEADLSU/web/edit_opportunity.jsp</file>
            <file>file:/C:/Users/pauldelgado/Desktop/dlsufiles/OVPEADLSU/web/update_rm_account.jsp</file>
            <file>file:/C:/Users/pauldelgado/Desktop/dlsufiles/OVPEADLSU/src/java/controller/viewOpportunity.java</file>
            <file>file:/C:/Users/pauldelgado/Desktop/dlsufiles/OVPEADLSU/src/java/controller/studentView.java</file>
            <file>file:/C:/Users/pauldelgado/Desktop/dlsufiles/OVPEADLSU/src/java/controller/addOpportunity.java</file>
            <file>file:/C:/Users/pauldelgado/Desktop/dlsufiles/OVPEADLSU/web/add_requirements.jsp</file>
            <file>file:/C:/Users/pauldelgado/Desktop/dlsufiles/OVPEADLSU/web/index.jsp</file>
            <file>file:/C:/Users/pauldelgado/Desktop/dlsufiles/OVPEADLSU/src/java/controller/editRequirements.java</file>
            <file>file:/C:/Users/pauldelgado/Desktop/dlsufiles/OVPEADLSU/web/view_opportunities.jsp</file>
            <file>file:/C:/Users/pauldelgado/Desktop/dlsufiles/OVPEADLSU/src/java/controller/login.java</file>
            <file>file:/C:/Users/pauldelgado/Desktop/dlsufiles/OVPEADLSU/web/add_opportunity.jsp</file>
            <file>file:/C:/Users/pauldelgado/Desktop/dlsufiles/OVPEADLSU/web/student_view.jsp</file>
            <file>file:/C:/Users/pauldelgado/Desktop/dlsufiles/OVPEADLSU/web/edit_requirements.jsp</file>
        </group>
    </open-files>
</project-private>
