<?xml version="1.0" encoding="UTF-8"?>
<project-private xmlns="http://www.netbeans.org/ns/project-private/1">
    <editor-bookmarks xmlns="http://www.netbeans.org/ns/editor-bookmarks/2" lastBookmarkId="0"/>
    <open-files xmlns="http://www.netbeans.org/ns/projectui-open-files/2">
        <group>
            <file>file:/C:/Users/pauldelgado/Desktop/dlsufiles/OVPEADLSU/src/java/controller/editPassword.java</file>
            <file>file:/C:/Users/pauldelgado/Desktop/dlsufiles/OVPEADLSU/src/java/controller/editRequirements.java</file>
            <file>file:/C:/Users/pauldelgado/Desktop/dlsufiles/OVPEADLSU/src/java/controller/addRequirements.java</file>
            <file>file:/C:/Users/pauldelgado/Desktop/dlsufiles/OVPEADLSU/src/java/controller/editOpportunity.java</file>
            <file>file:/C:/Users/pauldelgado/Desktop/dlsufiles/OVPEADLSU/src/java/DAO/OppDAO.java</file>
        </group>
    </open-files>
</project-private>
